code,name,hex,equivalents,confidence
MIG-0001,OLIVGRUN OPT.1,#2e3425,TAMIYA:XF61; MODEL COLOR:70.888; RAL:RAL 6003,0.8177809291930267
MIG-0002,OLIVGRUN OPT.2,#47512a,HOBBY COLOR:H48; MR.COLOR:C52; TAMIYA:XF65; MODEL COLOR:70.890; MODEL AIR:71.092; Federal Standard:FS 34082; RAL:RAL 6003,0.8039895164911844
MIG-0003,RESEDAGRUN,#5c6e44,HOBBY COLOR:H312; MR.COLOR:C312; MODEL COLOR:70.891; MODEL AIR:71.126; Federal Standard:FS 34227; RAL:RAL 6011,0.8947584006661146
MIG-0004,RESEDAGRUN B,#47512a,HOBBY COLOR:H340; MR.COLOR:C340; RAL:RAL 6011,0.9856195091800695
MIG-0005,GRAUGRUN,#564e36,MODEL AIR:71.116; RAL:RAL 7008,0.8003193650396019
MIG-0006,GRAUGRUN OPT2,#7b7648,RAL:RAL 7008,0.7670371401430021
MIG-0007,DUNKELBRAUN,#493a2d,MODEL COLOR:70.347; MODEL AIR:71.248; RAL:RAL 7017,0.7917988360441458
MIG-0008,DUNKELGRAU,#21272e,HOBBY COLOR:H401; MODEL COLOR:70.862; MODEL AIR:71.056; RAL:RAL 7021,0.8499897063847718
MIG-0009,SANDGRAU,#b6a48a,HOBBY COLOR:H321; MR.COLOR:C321; RAL:RAL 7027,0.8349307573567286
MIG-0010,DUNKELGELB (MID WAR),#948440,HOBBY COLOR:H403; TAMIYA:XF60; MODEL AIR:71.025; RAL:RAL 7028,0.8168112119803048
MIG-0011,DUNKELGELB AUS '44 DG,#beb17e,MODEL COLOR:70.978; Federal Standard:FS 33440; RAL:RAL 7028,0.8339979683199066
MIG-0012,DUNKELGELB AUS '44 DG IIl,#d1c49d,RAL:RAL 7028,0.7657345843303225
MIG-0013,GELBBRAUN,#a0886d,HOBBY COLOR:H27; MR.COLOR:C44; TAMIYA:XF57; MODEL COLOR:70.879; MODEL AIR:71.272; RAL:RAL 8000,0.8872687640316922
MIG-0014,ROTBRAUN,#722e19,HOBBY COLOR:H47; HOBBY COLOR:H460; MR.COLOR:C41; TAMIYA:XF64; MODEL COLOR:70.814; MODEL AIR:71.271; RAL:RAL 8012,0.8992119208345375
MIG-0015,SCHOKOBRAUN,#442d28,HOBBY COLOR:H406; TAMIYA:XF10; MODEL COLOR:70.985; MODEL AIR:71.041; Federal Standard:FS 30059; RAL:RAL 8017,0.9348090516885534
MIG-0016,GELBBRAUN,#dabb75,RAL:RAL 8020,0.9993808796690595
MIG-0017,CREMEWEISS,#eee7bb,MODEL COLOR:70.918; MODEL AIR:71.270; RAL:RAL 9001,0.8029262908088419
MIG-0018,POLIZEI GRUN,#38594f,,0.9511629782158229
MIG-0019,RUSSIAN GREEN,#474727,MODEL COLOR:70.924; MODEL AIR:71.017,0.8321812082584463
MIG-0020,RUSSIAN BROWN,#352b25,MODEL COLOR:70.941; MODEL AIR:71.282,0.7137058847217022
MIG-0021,RUSSIAN TAN,#635438,MODEL COLOR:70.310; MODEL AIR:71.283,0.7629879281522803
MIG-0022,BASIC PROTECTOR ALKIDNO-URETANOVAYA,#362c18,MODEL COLOR:70.337; MODEL AIR:71.281,0.8987457852144007
MIG-0023,PROTECTIVE GREEN,#547b70,HOBBY COLOR:H312; MR.COLOR:C312; TAMIYA:XF71; Federal Standard:FS 34227,0.9196678210854866
MIG-0024,WASHABLE WHITE CAMO,#ffffff,,0.9052755254606667
MIG-0025,US MODERN VEHICLES,#bd9b76,MODEL COLOR:70.819; MODEL AIR:71.140; Federal Standard:FS 33446,0.8692486542406496
MIG-0026,SAND BROWN,#bd9882,HOBBY COLOR:H44; MR.COLOR:C51; MODEL COLOR:70.977; MODEL AIR:71.117; RAL:RAL 8031,0.9164332207636301
MIG-0027,GERMAN SAND BEIGE,#baa36d,MODEL COLOR:70.917; MODEL AIR:71.244; RAL:RAL 1039,0.8798570935583429
MIG-0028,GERMAN GREY BEIGE,#716a5b,MODEL COLOR:70.821; MODEL AIR:71.131; RAL:RAL 1039,0.8090848617483088
MIG-0029,DESERT SAND,#bca36e,,0.787442521611621
MIG-0030,SAND YELLOW,#c6964f,HOBBY COLOR:H459; MODEL AIR:71.143,0.9324596726683503
MIG-0031,SPANISH GREEN-KHAKI,#463f26,MODEL COLOR:70.314; MODEL AIR:71.247,0.8459947472041995
MIG-0032,SATIN BLACK,#0c0100,HOBBY COLOR:H2; MR.COLOR:C2; MR.COLOR:C92; MODEL COLOR:70.861,0.8917614400012452
MIG-0033,RUBBER & TIRES,#343234,HOBBY COLOR:H77; MR.COLOR:C137; MODEL COLOR:70.306; MODEL AIR:71.315,0.836836936323343
MIG-0034,RUST TRACKS,#2f1f18,MODEL COLOR:70.343; MODEL AIR:71.080; Federal Standard:FS 30111,0.7435102949166156
MIG-0035,DARK TRACKS,#030101,HOBBY COLOR:H84; MR.COLOR:C42; MODEL COLOR:70.302; MODEL AIR:71.039,0.8973972933351481
MIG-0036,OLD WOOD,#b09466,MODEL AIR:71.075,0.809361553813807
MIG-0037,NEW WOOD,#b49e6a,MODEL COLOR:70.321,0.863479496649831
MIG-0038,LIGHT WOOD,#ad9d77,HOBBY COLOR:H79; MR.COLOR:C39; TAMIYA:XF78; MODEL AIR:71.028,0.9427238757825807
MIG-0039,LIGHT RUST,#d3842a,HOBBY COLOR:H24; MR.COLOR:C58; MODEL COLOR:70.911; MODEL AIR:71.130,0.9282607019975198
MIG-0040,MEDIUM RUST,#a14e31,HOBBY COLOR:H453; MODEL COLOR:70.981; MODEL AIR:71.129,0.8954606846917166
MIG-0041,DARK RUST,#773823,MODEL COLOR:70.818,0.8499781332422497
MIG-0042,OLD RUST,#392320,MODEL COLOR:70.859; MODEL AIR:71.040,0.8789476818943736
MIG-0043,SHADOW RUST,#2b1716,MODEL COLOR:70.307,0.9205747100613538
MIG-0044,CHIPPING,#030101,MODEL COLOR:70.304,0.8498092133883416
MIG-0045,GUN METAL,#67666a,MODEL COLOR:70.863; MODEL AIR:71.072; Federal Standard:FS 37200; RAL:RAL 9007; RLM:RLM-03,0.8737723453154455
MIG-0046,MATT BLACK,#1a130f,HOBBY COLOR:H12; MR.COLOR:C33; TAMIYA:XF1; MODEL COLOR:70.950; MODEL AIR:71.057; Federal Standard:FS 37038; RAL:RAL 9005; RLM:RLM-22,0.8570865947864038
MIG-0047,SATIN WHITE,#ffffff,HOBBY COLOR:H1; MR.COLOR:C1; MODEL COLOR:70.842,0.8672637126562037
MIG-0048,YELLOW,#dcb235,HOBBY COLOR:H4; MR.COLOR:C4; TAMIYA:XF3; MODEL COLOR:70.915; MODEL AIR:71.002; RAL:RAL 1023,0.934655640927621
MIG-0049,RED,#a32a1d,Federal Standard:FS 31302; RAL:RAL 3020; RLM:RLM 23; MR.COLOR:C3; MR.COLOR:C79; MR.COLOR:C114; TAMIYA:XF7; MODEL COLOR:70.909; MODEL AIR:71.003,0.8014277567061185
MIG-0050,MATT WHITE,#ffffff,Federal Standard:FS 37925; RAL:RAL 9016; RLM:RLM 21; MR.COLOR:C62; TAMIYA:XF2; MODEL COLOR:70.951; MODEL AIR:71.001,0.8372847648043484
MIG-0051,MEDIUM LIGHT GREEN,#6f8c6c,MODEL COLOR:70.336,0.8281505122645617
MIG-0052,DEEP GREEN,#003724,MODEL COLOR:70.970; MODEL AIR:71.007,0.9964637124611926
MIG-0053,PROTECTIVE MC 1200,#1b2c2d,TAMIYA:XF70,0.9726537949618328
MIG-0054,SIGNAL GREEN,#004920,HOBBY COLOR:H26; MR.COLOR:C66,0.9847203618978193
MIG-0055,OIL OCHRE,#c09f50,MODEL COLOR:70.916; MODEL AIR:71.033,0.930895596587857
MIG-0056,GREEN KHAKI,#4a4732,RLM:RLM 83; MR.COLOR:C123; TAMIYA:XF51; MODEL COLOR:70.318; MODEL AIR:71.011,0.9608122313778981
MIG-0057,YELLOW GREY,#bda985,HOBBY COLOR:PKHV4; MODEL AIR:71.326,0.9775998938721474
MIG-0058,LIGHT GREEN KHAKI,#6f6b46,HOBBY COLOR:PKHV512,0.9871109260765161
MIG-0059,GREY,#757a83,Federal Standard:FS 36251; MODEL AIR:71.050,0.9411111966537143
MIG-0060,PALE GREEN,#365629,TAMIYA:XF5; MODEL COLOR:70.967; MODEL AIR:71.006,0.9467085868352917
MIG-0061,WARM SAND-YELLOW,#c7a558,MODEL AIR:71.074,0.8463997462383033
MIG-0062,FRENCH BLUE,#315663,HOBBY COLOR:H42; MR.COLOR:C72; TAMIYA:XF18; MODEL COLOR:70.900; MODEL AIR:71.113,0.9184653049139424
MIG-0063,PALE GREY,#91b3a7,Federal Standard:FS 36480; RLM:RLM 76; MR.COLOR:C117; TAMIYA:XF23; MODEL COLOR:70.907; MODEL AIR:71.257,0.8658123838614128
MIG-0064,EARTH BROWN,#703e28,MODEL COLOR:70.303; MODEL AIR:71.037,0.9837365180695232
MIG-0065,FOREST GREEN,#313a23,Federal Standard:FS 34102; RLM:RLM 62; MR.COLOR:C303; TAMIYA:XF58; MODEL COLOR:70.348,0.9356953779100797
MIG-0066,FADED SINAI GREY,#686152,MODEL AIR:71.142,0.8278991200893875
MIG-0067,LIGHT SAND GREY,#aa9977,,0.9974240365736942
MIG-0068,IDF GREEN,#3c4732,,0.9922431025664218
MIG-0069,BLUE GREEN,#253322,HOBBY COLOR:H36; HOBBY COLOR:H5g; MR.COLOR:C15; TAMIYA:XF11,0.9262027553657098
MIG-0070,MEDIUM BROWN,#463023,British Standard:BS 450; MODEL COLOR:70.312; MODEL AIR:71.035,0.8615730033744174
MIG-0071,KHAKI,#654b30,HOBBY COLOR:H404; TAMIYA:XF49; MODEL COLOR:70.339; MODEL AIR:71.136,0.97767656569203
MIG-0072,DUST,#897e65,TAMIYA:XF55; MODEL COLOR:70.315,0.9995478281374524
MIG-0073,EARTH,#684e35,HOBBY COLOR:H457; TAMIYA:XF52; MODEL COLOR:70.874; MODEL AIR:71.024,0.8492684078181832
MIG-0074,GREEN MOSS,#5d5b33,MODEL COLOR:70.328; MODEL AIR:71.010,0.9338919846243201
MIG-0075,STONE GREY,#a7a7a7,TAMIYA:XF80,0.9932639853106073
MIG-0076,BROWN SOIL,#5e4132,HOBBY COLOR:H456,0.8541788854679364
MIG-0077,DULL GREEN,#374d44,MODEL AIR:71.267,0.9285093489893438
MIG-0078,OCHRE EARTH,#b18156,MODEL COLOR:70.927,0.9613027556858031
MIG-0079,CLAY BROWN,#5a3722,HOBBY COLOR:H37; MR.COLOR:C43; MODEL AIR:71.034,0.7882887497994469
MIG-0080,BRIGHT GREEN AMT-4,#566d37,MODEL AIR:71.301,0.861669516463427
MIG-0081,US OLIVE DRAB VIETNAM ERA,#393f2f,HOBBY COLOR:H304; HOBBY COLOR:H405; MR.COLOR:C304; TAMIYA:XF73; MODEL AIR:71.289,0.8028652609619911
MIG-0082,APC INTERIOR LIGHT GREEN,#81917b,MODEL COLOR:70.331,0.9571110150340097
MIG-0083,ZASHCHITNIY ZELENO (RUSSIAN POSTWAR GREEN),#44432c,HOBBY COLOR:XB 518; MR.COLOR:C320; MODEL COLOR:70.326; MODEL AIR:71.285,0.8958494608123064
MIG-0084,NATO GREEN,#3a3d2e,HOBBY COLOR:H80; MR.COLOR:C54; TAMIYA:XF67; MODEL AIR:71.093,0.8327220718523675
MIG-0085,NATO BROWN,#392723,Federal Standard:FS 30051; RAL:RAL 8027; TAMIYA:XF68; MODEL COLOR:70.871; MODEL AIR:71.249,0.8702370321461032
MIG-0086,BLUE,#004f79,RAL:RAL 5019; MR.COLOR:C323; MODEL COLOR:70.844; MODEL AIR:71.089,0.8615796211153134
MIG-0087,GELBOLIV,#3a3c2b,RAL:RAL 6014; MODEL COLOR:70.877; MODEL AIR:71.012,0.99059904339648
MIG-0088,KHAKI BROWN,#a78661,MODEL COLOR:70.860; MODEL AIR:71.077,0.883840711691383
MIG-0089,MATT VARNISH,#ffffff,HOBBY COLOR:H20; MR.COLOR:C182; MODEL COLOR:70.520,0.9365932900930533
MIG-0090,SATIN VARNISH,#ffffff,MODEL COLOR:70.522,0.8767596569238972
MIG-0091,GLOSSY VARNISH,#ffffff,HOBBY COLOR:H30; MR.COLOR:C46; MODEL COLOR:70.510,0.9742067443344173
MIG-0092,CRYSTAL GREEN,#003228,HOBBY COLOR:H94; MR.COLOR:C138,0.6984088858454973
MIG-0093,CRYSTAL RED,#773823,HOBBY COLOR:H90; MR.COLOR:C47; MODEL COLOR:70.934,0.9205328346016644
MIG-0094,CRYSTAL GLASS,#ffffff,,0.9727945589774374
MIG-0095,CRYSTAL SMOKE,#1a1310,HOBBY COLOR:H95; MR.COLOR:C101,0.8906064053655613
MIG-0096,CRYSTAL GREEN PERISCOPE  (AND TAIL LIGHT ON),#19642f,MODEL COLOR:70.936,0.7589436776439763
MIG-0097,CRYSTAL ORANGE,#e47e2c,HOBBY COLOR:H92; MR.COLOR:C49; MODEL COLOR:70.935,0.7497995829692808
MIG-0098,CRYSTAL LIGHT BLUE,#0070a4,HOBBY COLOR:H93; MR.COLOR:C50,0.8297718755438612
MIG-0099,CRYSTAL BLACK BLUE (AND TAIL LIGHT OFF),#001929,MODEL COLOR:70.938,0.8152706936419881
MIG-0102,OCHRE BROWN,#987d50,MODEL COLOR:70.856,0.8471426397304338
MIG-0103,MEDIUM BLUE,#00315e,HOBBY COLOR:H15; MR.COLOR:C65; MODEL COLOR:70.839,0.8944438151718564
MIG-0104,WASHABLE BLACK,#000000,,0.9987781031677035
MIG-0105,WASHABLE DUST,#9c8c71,RAL:RAL 8000,0.8728225982112743
MIG-0106,WASHABLE SAND,#d4a760,RAL:RAL 8020,0.8594621429713374
MIG-0107,WASHABLE EARTH,#5c472f,,0.8412225718317116
MIG-0108,WASHABLE MUD,#442e22,,0.9135881818148004
MIG-0109,WASHABLE RUST,#8e452c,,0.7064259965514421
MIG-0110,(BRITISH BROWN 1941-42),#2c1e15,RLM:RLM 61; MODEL AIR:71.042,0.8642437433324729
MIG-0111,(BRITISH 1941-42 SERVICE DRAB),#483f2d,HOBBY COLOR:SCC 2; MR.COLOR:C22; TAMIYA:XF72; MODEL COLOR:70.921; MODEL AIR:71.290,0.8853752217853302
MIG-0112,(BRITISH 1944-45 OLIVE DRAB),#2e3217,HOBBY COLOR:SCC 15; MODEL COLOR:70.892; MODEL AIR:71.250,0.8598696417109728
MIG-0113,"KHAKI GREEN N""3 (BRITISH 1939-42)",#61543d,MODEL COLOR:70.988; MODEL AIR:71.023,0.7746512463445405
MIG-0114,ZIMMERIT OCHRE COLOR,#8d7e6a,MODEL AIR:71.246,0.7696331119278986
MIG-0115,LIGHT SKIN TONE,#eccdab,TAMIYA:XF15; MODEL COLOR:70.837; MODEL AIR:71.076,0.8592625028047671
MIG-0116,BASIC SKIN TONE,#deb4a2,Federal Standard:FS 31670; MODEL COLOR:70.928,0.9066342955354658
MIG-0117,WARM SKIN TONE,#b3846a,MODEL COLOR:70.815,0.9041523134829693
MIG-0118,BURNT SAND,#735533,,0.7982697142038759
MIG-0119,COLD GRAY,#cbcccc,Federal Standard:FS 17865; MODEL COLOR:70.993; MODEL AIR:71.279,0.793385404494725
MIG-0120,LIGHT BROWN-GRAY,#d8d7d3,,0.775983582977249
MIG-0121,BLOOD RED,#9b2b1d,RAL:RAL 3002; MR.COLOR:C327; MODEL COLOR:70.908; MODEL AIR:71.084,0.8211672627628939
MIG-0122,BONE,#f2f2e2,MODEL COLOR:70.847; MODEL AIR:71.288,0.8858280846803659
MIG-0123,MARINE BLUE,#003b67,TAMIYA:XF8; MODEL COLOR:70.930; MODEL AIR:71.004,0.8908087042943987
MIG-0124,LIME GREEN,#719b30,MODEL AIR:71.094,0.8920375959542528
MIG-0125,GOLD YELLOW,#e0ad28,Federal Standard:FS 33655; RAL:RAL 1003; RLM:RLM 04; MR.COLOR:C113; MODEL COLOR:70.953; MODEL AIR:71.078,0.8955866957620541
MIG-0126,VIOLET,#45498b,HOBBY COLOR:H49; MODEL COLOR:70.960,0.8267237128837679
MIG-0127,PURPLE,#7e5b93,Federal Standard:FS 37142; RAL:RAL 4008; MR.COLOR:C67; MODEL COLOR:70.959,0.9422239885343666
MIG-0128,CYAN,#0091d3,,0.9882341386151849
MIG-0129,ORANGE,#d7721c,Federal Standard:FS 32246; MR.COLOR:C59; MODEL COLOR:70.956; MODEL AIR:71.083,0.9685904865858688
MIG-0130,FADED YELLOW,#decd73,HOBBY COLOR:H318; MR.COLOR:C318,0.8937694973027386
MIG-0131,REAL IDF SINAI GREY 82,#4d4723,MODEL AIR:71.142,0.7867125935783406
MIG-0132,REAL IDF SAND GREY 73,#7d7045,HOBBY COLOR:H85; MR.COLOR:C45; MODEL AIR:71.141,0.8228814962443571
MIG-0133,RED LEATHER,#5b3b24,MODEL COLOR:70.301; MODEL AIR:71.105,0.727240725895424
MIG-0134,BURNT BROWN RED,#2e2109,MODEL COLOR:70.984; MODEL AIR:71.036,0.7427338750900795
MIG-0135,CINNAMON,#b7927e,MODEL AIR:71.112,0.9251571571278215
MIG-0138,DESERT YELLOW,#bc9a64,Federal Standard:FS 20400; MODEL COLOR:70.912; MODEL AIR:71.291,0.8865730794144966
MIG-0139,RED EARTH,#815241,HOBBY COLOR:H463; MODEL AIR:71.293,0.8180035648783133
MIG-0187,JET EXHAUST BURNT IRON,#573c27,HOBBY COLOR:H76; MR.COLOR:C61; TAMIYA:XF84; MODEL AIR:71.073,0.8575878891904916
MIG-0188,METALLIC RED,#c88070,HOBBY COLOR:H87; MR.COLOR:C75; MODEL AIR:71.070,0.891549839123146
MIG-0189,METALLIC ORANGE,#d39958,,0.9287659170307836
MIG-0190,OLD BRASS,#6d4a21,MODEL COLOR:70.801,0.9907250528069831
MIG-0191,STEEL,#959084,RAL:RAL 9006; MR.COLOR:C28; MODEL COLOR:70.864; MODEL AIR:71.065,0.9274483912075923
MIG-0192,POLISHED METAL,#4f4d46,TAMIYA:XF56; MODEL COLOR:70.865,0.9990058724560956
MIG-0193,BLUISH TITANIUM,#4b5450,,0.7928819966822164
MIG-0194,MATT ALUMINUM,#9c9a95,TAMIYA:XF16; MODEL AIR:71.062,0.894011613325767
MIG-0195,SILVER,#a19d94,Federal Standard:FS 17178; RLM:RLM 01; MR.COLOR:C8; MR.COLOR:C90; MODEL COLOR:70.997; MODEL AIR:71.063,0.7902175857543879
MIG-0196,WARHEAD METALLIC BLUE,#004984,HOBBY COLOR:H88; MR.COLOR:C76,0.9197162954207065
MIG-0197,BRASS,#9f6f2b,MODEL AIR:71.067,0.9534540055081072
MIG-0198,GOLD,#997a2c,Federal Standard:FS 17043; MR.COLOR:C9; MODEL COLOR:70.996; MODEL AIR:71.066,0.92688923187814
MIG-0199,COPPER,#8b3628,HOBBY COLOR:H10; MR.COLOR:C10; TAMIYA:XF6; MODEL COLOR:70.999; MODEL AIR:71.068,0.8237058073199752
MIG-0200,MIDDLESTONE,#cfbdaa,Federal Standard:FS 33531; MR.COLOR:C313,0.9193693684197886
MIG-0201,LIGHT GRAY GREEN,#a6bb9f,Federal Standard:FS 34424; MODEL COLOR:70.885,0.9008848593269944
MIG-0202,TAN,#715539,Federal Standard:FS 30219; MR.COLOR:C310; TAMIYA:XF59; MODEL COLOR:70.843; MODEL AIR:71.125,0.8800032423890085
MIG-0203,LIGHT COMPASS GHOST GRAY,#9fb2b4,Federal Standard:FS 36375; MR.COLOR:C308; MODEL COLOR:70.990,0.8390081379903065
MIG-0204,MEDIUM GUNSHIP GRAY,#373d46,Federal Standard:FS 36118; MR.COLOR:C305; TAMIYA:XF77; MODEL COLOR:70.868; MODEL AIR:71.047,0.8934437391383656
MIG-0205,(BS 638),#607074,Federal Standard:FS 26231; MR.COLOR:C317; MR.COLOR:C331; MODEL COLOR:70.991; MODEL AIR:71.051,0.8725405118474789
MIG-0206,(BS 641),#3d4528,Federal Standard:FS 34079; RLM:RLM 81; MR.COLOR:C309; MODEL COLOR:70.893; MODEL AIR:71.294,0.798460380724997
MIG-0207,(BS 626),#8a8d8d,Federal Standard:FS 36314; MR.COLOR:C334; TAMIYA:XF19; MODEL COLOR:70.989; MODEL AIR:71.046,0.867600244541856
MIG-0208,DARK COMPASS GHOST GRAY,#6a6d6a,Federal Standard:FS 36320; MR.COLOR:C307; MODEL AIR:71.120,0.8366784338147509
MIG-0209,LIGHT GRAY,#c2c0be,HOBBY COLOR:H51; HOBBY COLOR:H338; MR.COLOR:C11; MR.COLOR:C338; MODEL AIR:71.276,0.8778009060973544
MIG-0210,BLUE GRAY AMT-11,#61707a,Federal Standard:FS 35237; MR.COLOR:C337; MODEL COLOR:70.905; MODEL AIR:71.304,0.8946457075381994
MIG-0211,MEDIUM GRAY,#8f8f91,Federal Standard:FS 36270; MR.COLOR:C306; MODEL AIR:71.275,0.8529820277835607
MIG-0212,SILVER GREY,#979799,Federal Standard:FS 26373; British Standard:BS 627; MR.COLOR:C332; MODEL AIR:71.119,0.9033397148616233
MIG-0213,GREEN,#62786b,Federal Standard:FS 24277; MODEL AIR:71.305,0.8868396725036539
MIG-0217,GREEN SLATE,#343c32,RAL:RAL 7002; RLM:RLM 02; MR.COLOR:C60; TAMIYA:XF22; MODEL COLOR:70.886; MODEL AIR:71.044,0.9281674748099877
MIG-0218,SCHWARTZGRAU,#232528,RLM:RLM 66; MR.COLOR:C116; TAMIYA:XF63; MODEL COLOR:70.866; MODEL AIR:71.055,0.8628795342849195
MIG-0219,INTERIOR GREEN,#698275,Federal Standard:FS 34226,0.9816150393351395
MIG-0220,ZINC CHROMATE GREEN (INTERIOR GREEN),#5b6140,Federal Standard:FS 34151; MODEL COLOR:70.850; MODEL AIR:71.137,0.886428097137454
MIG-0221,ZINC CHROMATE YELLOW,#bab855,Federal Standard:FS 33481; MR.COLOR:C27; TAMIYA:XF4; MODEL AIR:71.107,0.9076233760177331
MIG-0222,SANDGELB,#bd9146,RLM:RLM 79; MR.COLOR:C119; MODEL COLOR:70.876; MODEL AIR:71.278,0.8857738543171263
MIG-0223,INTERIOR TURQUOISE GREEN,#2b7059,HOBBY COLOR:H46; MODEL COLOR:70.838,0.7962923251570936
MIG-0224,SKY LINE BLUE AIl,#3fafe1,Federal Standard:FS 35260; MODEL COLOR:70.961; MODEL AIR:71.317,0.895024946615834
MIG-0226,GRAY,#cdc9ba,Federal Standard:FS 36622; MR.COLOR:C311; MODEL COLOR:70.883; MODEL AIR:71.296,0.868659702645936
MIG-0227,SEA BLUE,#1b1f25,Federal Standard:FS 25042; MR.COLOR:C14; TAMIYA:XF50; MODEL COLOR:70.898; MODEL AIR:71.005,0.9313813768303291
MIG-0228,INTERMEDIATE BLUE,#4f565e,Federal Standard:FS 35164; RAL:RAL 7031; TAMIYA:XF66; MODEL COLOR:70.903; MODEL AIR:71.299,0.8663839018430063
MIG-0229,DARK GRAY BLUE,#002650,Federal Standard:FS 15102,0.852233831567699
MIG-0230,CAMO GREEN,#39471d,Federal Standard:FS 34095; RAL:RAL 6020; RLM:RLM 82; MR.COLOR:C122; MODEL COLOR:70.823; MODEL AIR:71.022,0.9141218922171743
MIG-0231,HELLBLAU,#c3d8de,Federal Standard:FS 35352; RLM:RLM 65; MR.COLOR:C115; TAMIYA:XF25; MODEL COLOR:70.906; MODEL AIR:71.255,0.8927021811461511
MIG-0232,SCHWARTZGRUN,#4b4d37,Federal Standard:FS 34052; RAL:RAL 7022; RLM:RLM 70; MR.COLOR:C18; TAMIYA:XF27; MODEL COLOR:70.897; MODEL AIR:71.021,0.9048616336408191
MIG-0233,DUNKELGRUN,#2f3522,RLM:RLM 71; MR.COLOR:C17; MODEL AIR:71.015,0.8912640077824654
MIG-0235,DARK GREY AMT-12,#4f5559,Federal Standard:FS 36152; RAL:RAL 7012; MR.COLOR:C32; TAMIYA:XF75; MODEL AIR:71.308,0.8680218291948723
MIG-0236,FS 36293,#717879,HOBBY COLOR:H82; MR.COLOR:C31,0.8598243337552997
MIG-0237,DARK OLIVE DRAB,#595738,Federal Standard:FS 23070; MR.COLOR:C12; TAMIYA:XF62; MODEL AIR:71.016,0.8557264116717185
MIG-0238,MEDIUM GREEN,#334431,Federal Standard:FS 34092; MR.COLOR:C302; TAMIYA:XF26; MODEL COLOR:70.895; MODEL AIR:71.124,0.8083728341002254
MIG-0239,NEUTRAL GRAY,#575c5e,Federal Standard:FS 36122; MR.COLOR:C13; MODEL AIR:71.274,0.857601127969972
MIG-0240,FS 34086 (ANA 613),#242613,Federal Standard:FS 34086; RAL:RAL 7009; MODEL COLOR:70.830; MODEL AIR:71.325,0.8399688910102552
MIG-0241,FS 36440,#93928b,Federal Standard:FS 36440; RAL:RAL 7038; MR.COLOR:C315; MR.COLOR:C325; MODEL COLOR:70.986; MODEL AIR:71.121,0.7485331617193154
MIG-0242,FS 37886,#f1f3df,,0.8329136118612882
MIG-0243,SKY TYPE S,#9eac94,British Standard:BS 210; TAMIYA:XF21; MODEL AIR:71.302,0.8404760131043758
MIG-0244,DUCK EGG GREEN,#95a06e,British Standard:BS 216; MR.COLOR:C26; MODEL AIR:71.009,0.9352971859683431
MIG-0245,OCEAN GREY,#5f656b,British Standard:BS 629; TAMIYA:XF82; MODEL AIR:71.273,0.8056788906949448
MIG-0246,MEDIUM SEA GREY,#888f91,British Standard:BS 637; MR.COLOR:C335; TAMIYA:XF83; MODEL COLOR:70.870; MODEL AIR:71.307,0.924763437768302
MIG-0247,HELLBLAU,#7a8f8f,RLM:RLM 78; MR.COLOR:C118; MODEL COLOR:70.972; MODEL AIR:71.101,0.8983691804931845
MIG-0248,OLIVGRUN,#333d27,Federal Standard:FS 34083; RLM:RLM 80; MR.COLOR:C120; MODEL COLOR:70.894; MODEL AIR:71.265,0.7965294175992109
MIG-0249,LIGHT BLUE,#afcad6,MODEL AIR:71.306; Federal Standard:FS 35550,0.7803487301618899
MIG-0250,NIGHT BLUE GREY,#454b54,MODEL COLOR:70.964,0.8741815638103215
MIG-0251,RUSSIAN BLUE AMT-7,#38676f,MODEL AIR:71.318,0.7555936403249037
MIG-0252,GREY BROWN AMT-1,#736d65,MODEL AIR:71.320,0.9090732888864995
MIG-0253,GRAUGRUN,#3a423a,HOBBY COLOR:H68; MR.COLOR:C36; MODEL COLOR:70.867; MODEL AIR:71.258; RLM:RLM-74,0.8834400853569574
MIG-0254,GRAUVIOLETT,#6e716e,HOBBY COLOR:H69; MR.COLOR:C37; MODEL COLOR:70.869; MODEL AIR:71.259; RLM:RLM-75,0.9106443045157963
MIG-0255,BRAUNVIOLETT,#46342b,HOBBY COLOR:H421; MR.COLOR:C121; MODEL AIR:71.264; RLM:RLM-81,0.7499521337361823
MIG-0256,GRAUBLAU,#b1b078,MODEL AIR:71.103; RLM:RLM-84,0.9268932208399017
MIG-0257,AZURE BLUE,#61769e,MR.COLOR:C370; MODEL COLOR:70.902; MODEL AIR:71.108,0.9471973522157665
MIG-0900,DUNKELGELB SHADOW,#6c5d34,,0.7272282981594806
MIG-0901,DUNKELGELB DARK BASE,#817446,MODEL AIR:71.030,0.9062280939234656
MIG-0902,DUNKELGELB BASE,#9d8d55,HOBBY COLOR:H71; MR.COLOR:C21; MODEL COLOR:70.882,0.8220302426462638
MIG-0903,DUNKELGELB LIGHT BASE,#c6c18b,MODEL COLOR:70.976,0.8428702147141084
MIG-0904,DUNKELGELB HIGH LIGHT,#dcd7be,,0.8485521254820276
MIG-0905,DUNKELGELB SHINE,#292d2e,MODEL COLOR:70.344; MODEL AIR:71.132,0.8780883184609205
MIG-0906,GREY SHADOW,#2b2d37,HOBBY COLOR:H333; MR.COLOR:C333,0.8745041402208195
MIG-0907,GREY DARK BASE,#3e414d,TAMIYA:XF69; MODEL COLOR:70.333; MODEL AIR:71.049,0.949921652111673
MIG-0908,GREY BASE,#5c6067,HOBBY COLOR:H301; HOBBY COLOR:H339; MR.COLOR:C301; MR.COLOR:€339; MODEL COLOR:70.995; Federal Standard:FS 26081,0.8633515246946015
MIG-0909,GREY LIGHT BASE,#71737b,HOBBY COLOR:H458; TAMIYA:XF24,0.8222477669505035
MIG-0910,GREY HIGH LIGHT,#979aa4,HOBBY COLOR:H75; MR.COLOR:C25; TAMIYA:XF54; MODEL COLOR:70.836; MODEL AIR:71.277,0.8539030310453084
MIG-0911,GREY SHINE,#341913,,0.7576044998619913
MIG-0912,RED BROWN SHADOW,#5b2d1e,HOBBY COLOR:H17; MR.COLOR:C29; TAMIYA:XF9; MODEL AIR:71.038,0.8178093371136871
MIG-0913,RED BROWN BASE,#894b3a,HOBBY COLOR:H7; MR.COLOR:C7; TAMIYA:XF79,0.8590788955439629
MIG-0914,RED BROWN LIGHT,#222a15,,0.699103321093624
MIG-0915,DARK GREEN,#465535,TAMIYA:XF81,0.8150263227019304
MIG-0916,GREEN BASE,#89ab72,MODEL COLOR:70.827,0.9048715180969291
MIG-0917,LIGHT GREEN,#271617,,0.7111308670651891
MIG-0918,RED PRIMER SHADOW,#260e07,MODEL COLOR:70.822,0.8534386974176416
MIG-0919,RED PRIMER DARK BASE,#2f0d09,,0.8467759867291498
MIG-0920,RED PRIMER,#541f11,,0.9949858112779257
MIG-0921,RED PRIMER LIGHT BASE,#6d381c,,0.7298524827258333
MIG-0922,RED PRIMER HIGH LIGHTS,#8c4f25,,0.5868953056006352
MIG-0923,RED PRIMER SHINE,#211f11,MODEL COLOR:70.341; MODEL AIR:71.026,0.9113780705914201
MIG-0924,OLIVE DRAB SHADOW,#37341d,,0.817856968386717
MIG-0925,OLIVE DRAB DARK BASE,#45452a,HOBBY COLOR:H78; MR.COLOR:C38; MODEL COLOR:70.889; MODEL AIR:71.043; RLM:RLM-83,0.93528645036541
MIG-0926,OLIVE DRAB BASE,#5d593d,HOBBY COLOR:H304; MR.COLOR:C304; MODEL AIR:71.286,0.6900440853719834
MIG-0927,OLIVE DRAB LIGHT BASE,#65634d,,0.6839416052540065
MIG-0928,OLIVE DRAB HIGH LIGHTS,#7b785a,MODEL AIR:71.139,0.7922575503100266
MIG-0929,OLIVE DRAB SHINE,#292912,MODEL COLOR:70.332; MODEL AIR:71.138,0.8705124360683892
MIG-0930,RUSSIAN SHADOW,#413f1a,,0.6086305720533189
MIG-0931,RUSSIAN DARK BASE,#555320,TAMIYA:XF74; MODEL AIR:71.020,0.8904515833877904
MIG-0932,RUSSIAN BASE,#6f663f,MODEL AIR:71.303,0.8893380124932111
MIG-0933,RUSSIAN LIGHT BASE,#7f7751,,0.7769954922393281
MIG-0934,RUSSIAN HIGH LIGHT,#908762,,0.841087432505913
MIG-0935,RUSSIAN SHINE,#908762,HOBBY COLOR:H62; MR.COLOR:C56; TAMIYA:XF14; MODEL AIR:71.321,0.8928458356622903
